<?xml version="1.0" encoding="UTF-8"?>
<root>
  <item name="com.google.android.material.progressindicator.IndeterminateDrawable android.util.Pair&lt;com.google.android.material.progressindicator.DrawingDelegate,com.google.android.material.progressindicator.IndeterminateAnimatorDelegate&lt;android.animation.AnimatorSet&gt;&gt; initializeDelegates(int, boolean) 0">
    <annotation name="androidx.annotation.IntDef">
      <val name="value" val="{com.google.android.material.progressindicator.ProgressIndicator.LINEAR, com.google.android.material.progressindicator.ProgressIndicator.CIRCULAR}" />
    </annotation>
  </item>
  <item name="com.google.android.material.progressindicator.ProgressIndicator void setGrowMode(int) 0">
    <annotation name="androidx.annotation.IntDef">
      <val name="value" val="{com.google.android.material.progressindicator.ProgressIndicator.GROW_MODE_NONE, com.google.android.material.progressindicator.ProgressIndicator.GROW_MODE_INCOMING, com.google.android.material.progressindicator.ProgressIndicator.GROW_MODE_OUTGOING, com.google.android.material.progressindicator.ProgressIndicator.GROW_MODE_BIDIRECTIONAL}" />
    </annotation>
  </item>
  <item name="com.google.android.material.progressindicator.ProgressIndicator void setIndicatorType(int) 0">
    <annotation name="androidx.annotation.IntDef">
      <val name="value" val="{com.google.android.material.progressindicator.ProgressIndicator.LINEAR, com.google.android.material.progressindicator.ProgressIndicator.CIRCULAR}" />
    </annotation>
  </item>
  <item name="com.google.android.material.progressindicator.ProgressIndicator.GrowMode">
    <annotation name="androidx.annotation.IntDef">
      <val name="value" val="{com.google.android.material.progressindicator.ProgressIndicator.GROW_MODE_NONE, com.google.android.material.progressindicator.ProgressIndicator.GROW_MODE_INCOMING, com.google.android.material.progressindicator.ProgressIndicator.GROW_MODE_OUTGOING, com.google.android.material.progressindicator.ProgressIndicator.GROW_MODE_BIDIRECTIONAL}" />
    </annotation>
  </item>
  <item name="com.google.android.material.progressindicator.ProgressIndicator.IndicatorType">
    <annotation name="androidx.annotation.IntDef">
      <val name="value" val="{com.google.android.material.progressindicator.ProgressIndicator.LINEAR, com.google.android.material.progressindicator.ProgressIndicator.CIRCULAR}" />
    </annotation>
  </item>
</root>

